{"cameraMode":{"drawMode":0,"name":"Shaded","section":"Shading Mode"},"sceneLighting":true,"audioPlay":false,"sceneViewState":{"m_AlwaysRefresh":false,"showFog":true,"showSkybox":true,"showFlares":true,"showImageEffects":true,"showParticleSystems":true,"showVisualEffectGraphs":true,"m_FxEnabled":true},"in2DMode":false,"pivot":{"x":62.382041931152347,"y":4.400702953338623,"z":156.916015625},"rotation":{"x":0.2496069222688675,"y":-0.00027518378919921815,"z":-0.0008259271271526814,"w":0.9681984782218933},"size":0.8660255670547485,"orthographic":false}