{"cameraMode":{"drawMode":0,"name":"Shaded","section":"Shading Mode"},"sceneLighting":false,"audioPlay":false,"sceneViewState":{"m_AlwaysRefresh":false,"showFog":true,"showSkybox":false,"showFlares":true,"showImageEffects":true,"showParticleSystems":true,"showVisualEffectGraphs":true,"m_FxEnabled":true},"in2DMode":false,"pivot":{"x":-0.8425231575965881,"y":-0.23725655674934388,"z":0.28599873185157778},"rotation":{"x":0.12061811238527298,"y":-0.6899320483207703,"z":0.11834147572517395,"w":0.7037344574928284},"size":0.8660253882408142,"orthographic":false}