{"cameraMode":{"drawMode":0,"name":"Shaded","section":"Shading Mode"},"sceneLighting":false,"audioPlay":false,"sceneViewState":{"m_AlwaysRefresh":false,"showFog":true,"showSkybox":false,"showFlares":true,"showImageEffects":true,"showParticleSystems":true,"showVisualEffectGraphs":true,"m_FxEnabled":true},"in2DMode":false,"pivot":{"x":80.25313568115235,"y":2.400604248046875,"z":158.38218688964845},"rotation":{"x":-0.014728600159287453,"y":-0.9057391881942749,"z":0.03152947127819061,"w":-0.4222150444984436},"size":0.8660283088684082,"orthographic":false}